,distance,num_trials,average_runtime,accuracy
0,1 ft,50,1.8032813,0.58
1,1ft,50,3.5005212199999995,0.92
2,2ft,50,2.5144812,0.0
3,3ft,50,2.3147107599999996,0.0
